Olahraga,Nama Peralatan,Gambar,Jumlah,Harga
Bulu Tangkis,Raket,Raket Bulu Tangkis.jpg,10,450000
Bulu Tangkis,Shuttlecock,Shuttlecock.jpg,30,80000
Bulu Tangkis,Jersey Bulu Tangkis,Jersey Bulu Tangkis.jpg,16,120000
Bulu Tangkis,Net Bulu Tangkis,Net Bulu Tangkis.jpg,8,150000
Bulu Tangkis,Sepatu Bulu Tangkis,Sepatu Bulu Tangkis.jpg,13,350000
Sepak Bola,Bola Sepak,Bola Sepak.jpg,15,200000
Sepak Bola,Sepatu Bola,Sepatu Bola.jpg,20,500000
Sepak Bola,Rompi,Rompi.jpg,10,80000
Sepak Bola,Jersey Sepak Bola,Jersey Sepak Bola.jpg,10,150000
Sepak Bola,Sarung Tangan Kiper,Sarung Tangan Kiper.jpg,7,120000
Futsal,Bola Futsal,Bola Futsal.jpg,17,250000
Futsal,Sepatu Futsal,Sepatu Futsal.jpg,17,400000
Futsal,Jersey Futsal,Jersey Futsal.jpg,21,140000
Voli,Bola Voli,Bola Voli.jpg,12,400000
Voli,Net Voli,Net Voli.jpg,16,250000
Voli,Jersey Voli,Jersey Voli.jpg,18,160000
Voli,Sepatu Voli,Sepatu Voli.jpg,13,600000
Basket,Bola Basket,Bola Basket.jpg,10,200000
Basket,Ring Basket,Ring Basket.jpg,14,500000
Basket,Board Basket,Board Basket.jpg,14,150000
Basket,Sepatu Basket,Sepatu Basket.jpg,18,550000
Basket,Jersey Basket,Jersey Basket.jpg,16,180000
Lari,Sepatu Lari,Sepatu Lari.jpg,15,700000
Lari,Jersey Lari,Jersey Lari.jpg,10,130000